Product;Profit
Support;609834032.4368999
ChatBot Plugin;400680341.1073001
SaaS Connector Pack;360054525.0032
ContactMatcher;359820770.09810007
FinanceHub;307607159.7015999
Marketing Suite - Gold;283416360.4207998
Site Analytics;148713751.3663
Data Smasher;133209093.31390005
Storage;117129555.94829997
SaaS Connector Pack - Gold;104221827.85960004
OneView;90601194.28259997
Marketing Suite;16278213.947
Big Ol Database;2619384.7574999984
Alchemy;55617.82490000004
