Segment;Сума Profit
SMB;2870503245.961399
Strategic;2796635303.5478997
Enterprise;2219489926.2086997
